Lesser Enchantments,Medium Enchantments,Major Enchantments,Legendary Enchantments
This item glows when within 100 ft of demons,"This item is +1, reroll if it already has an enhancement of equivalent or higher level. If this item becomes attuned to a primary spellcaster it instead grants +1 to your spell attack bonus and spell save DC.","This item is +2, reroll if it already has an enhancement of equivalent or higher level. If this item becomes attuned to a primary spellcaster it instead grants +2 to your spell attack bonus and spell save DC.","This item is +3, reroll if it already has an enhancement of equivalent or higher level. If this item becomes attuned to a primary spellcaster it instead grants +3 to your spell attack bonus and spell save DC."
This item glows when within 100 ft of elementals,"While attuned to this item, you deal 1 additional damage with all attacks and spells",This item has 5 charges. You may expend up to any number of charges to increase a stat of your choice by that value plus 1 for an hour up to a maximum of 20. This item restores 1d4 + 1 charges each morning.,"While attuned to this item, your melee attacks and spells deal an additional 2d6 lightning damage. You also deal an additional 6d10 lightning damage on any critical hit. This item crackles with electricity and your critical strikes cause a bolt of lightning to strike from the skies and into your opponent."
This item glows when within 100 ft of devils,"While attuned to this item, you can use an attack of opportunity even against enemies who are disengaging","This item has 5 gems embedded in it (a ruby, jade, emerald, diamond, and topaz). These may be pried off and thrown at an enemy at a +7 bonus. When thrown, these act as a Level 1 Chromatic orb of an element matching the gem. (Ruby - Fire, Jade - Acid, Emerald - Poison, Diamond - Cold, Topaz - Lightning). These gems are restored at dawn and have no monetary value. 
","While attuned to this item, your melee attacks and spells deal an additional 2d6 fire damage. You also deal an additional 6d10 fire damage on any critical hit. This item is constantly ablaze and your critical strikes cause your target to becomes completely enshrouded in a wall of flame."
This item glows when within 100 ft of abberations,"While attuned to this item, when you are within 5 feet of at least two enemies, you may disengage as a bonus action","While attuned to this item, you may use your bonus action to launch an ethereal hook and chain at an enemy within 20 ft. Make an attack roll at +7. On a hit, the target takes 1d6 piercing damage and you may have them make a Strength saving throw with DC 13. On a fail, the target is ripped to you.
","While attuned to this item, your melee attacks and spells deal an additional 2d6 cold damage. You also deal an additional 6d10 cold damage on any critical hit. This item appears to be frozen solid and any rainfall turns to snow in its presence. When you critically strike an enemy they are enveloped in a block of ice that soon there after shatters and send shards exploding in all directions."
This item glows when within 100 ft of fey,"While attuned to this item, you cannot be critically hit","This item has 5 charges. You may expend one of these charges to leap 20 ft. in any direction and attack with a deadly strike. Roll using your primary stat + your proficiency mod. On a hit, deal your lvl x d6 damage to that target. On a critical hit, all enemies within 15 feet must make a DC 15 Constitution saving throw or be knocked back 15 feet and fall prone. ","While attuned to this item, your melee attacks and spells deal an additional 2d6 poison damage. You also deal an additional 6d10 poison damage on any critical hit. This item exudes toxic fumes into the air that drift around you in the shape of a snake. On a critical hit, this snake launches itself at the foe and forces its way into their lungs."
"While attuned to this item, whenever you make an Acrobatics check, roll an additional d4 and add that value to your result.","While attuned to this item, your Intelligence becomes 17. If this stat is already higher than 17, reroll on this table.","While attuned to this item, whenever you roll minimum damage on your attack roll, your opponent is Frightened until the start of your next turn.","While attuned to this item, your melee attacks and spells deal an additional 2d6 acid damage. You also deal an additional 6d10 acid damage on any critical hit. This item drips acid that can melt through thin metals on command. On a critical hit, a wave of acid comes out of the ground and sweeps over your enemy."
"While attuned to this item, whenever you make an Athletics check, roll an additional d4 and add that value to your result.","While attuned to this item,  your Dexterity becomes 17. If this stat is already higher than 17, reroll on this table.","While attuned to this item, whenever you are hit be a projectile spell or ranged attack, you may use your reaction to roll a d4. On a result of 4, that projectile phases through you harmlessly.","While attuned to this item, your melee attacks and spells deal an additional 2d6 force damage. You also deal an additional 6d10 force damage on any critical hit. Small ethereal lights twirl around this item and dance around your head in the form of small comets. On a critical hit, a dozen magic missiles burst from this item and strike the victim."
"While attuned to this item, whenever you make a Deception check, roll an additional d4 and add that value to your result.","While attuned to this item, your Constitution becomes 17. If this stat is already higher than 17, reroll on this table.","While attuned to this item, enemies you hit become Hunter’s Marked for one hour.","While attuned to this item, your melee attacks and spells deal an additional 2d6 psychic damage. You also deal an additional 6d10 psychic damage on any critical hit. This item whispers thoughts to you on occasion and allows you to pick up on telepathic conversations. On a critical hit, a blast of visible psychic energy flies at your enemy in the form of their greatest fear. "
"While attuned to this item, whenever you make a History check, roll an additional d4 and add that value to your result.","While attuned to this item, your Strength becomes 17. If this stat is already higher than 17, reroll on this table.","While attuned to this item, your initiative bonus is increased by 2. Whenever you roll initiative higher than 20, you move so swift that you get an extra edge up on your opponents. On the first round of combat, you act at your normal Initiative value and get a second turn at your Initiative value minus 20.","While attuned to this item, your melee attacks and spells deal an additional 2d6 radiant damage. You also deal an additional 6d10 radiant damage on any critical hit. You grow a set of brilliantly glowing ethereal wings that extend ten feet on either side of you. On a critical hit, an angel temporarily passes into this plane and strikes the enemy with their own divine weapon."
"While attuned to this item, whenever you make an Insight check, roll an additional d4 and add that value to your result.","While attuned to this item, your Charisma becomes 17. If this stat is already higher than 17, reroll on this table.","While attuned to this item, you may cast the Jump spell at will. Additionally, whenever you jump at an enemy more that ten feet away, you may make your first attack against that creature this turn with advantage. If you jump away from an enemy, they make their attack of opportunity with disadvantage.","While attuned to this item, your melee attacks and spells deal an additional 2d6 necrotic damage. You also deal an additional 6d10 necrotic damage on any critical hit. This item appears to be decaying and on command you can cause the ground beneath your feet to rot away. On a critical hit, a monstrosity of corpses and rotted flesh rips out of the ground and strikes your foe."
"While attuned to this item, whenever you make an Intimidation check, roll an additional d4 and add that value to your result.","While attuned to this item, your Wisdom becomes 17. If this stat is already higher than 17, reroll on this table.","While attuned to this item, you have a small ethereal chain that floats around your body. You may use your action to launch this chain at an enemy within 30 ft. That creature makes a Athletics or Acrobatics check with DC 15 or becomes restrained. While restrained, enemies make their attacks with disadvantage. They may repeat this save at the end of their turn.","While attuned to this item, your melee attacks and spells deal an additional 2d6 thunder damage. You also deal an additional 6d10 thunder damage on any critical hit. This item generates extra noise when hitting or when hit and rocks crumble in your wake. On a critical hit, a blast of sound so loud that it can shatter full sized boulders erupts from this item in a concetrated blast and strikes your foe."
"While attuned to this item, whenever you make an Investigation check, roll an additional d4 and add that value to your result.","While attuned to this item, there is a small flask attached to it. The contents of the flask can be consumed to heal for 2d4 + 2 hit points and cure any poisons or diseases. The flask magically refills at dawn each day.","While attuned to this item, whenever you roll for initiative roll a d4. On a result of 4, you feel a stroke of luck sweep over you. During this encounter, your critical hit threshold become 18-20.","While attuned to this item, whenever you roll for initiative roll a d4. On a result of 4, you may summon a Fire Elemental in a free spot within 60 feet. On your turn you can use your bonus action to control this elemental. It disappears when combat ends."
"While attuned to this item, whenever you make a Medicine check, roll an additional d4 and add that value to your result.","While attuned to this item, you feel lucky. Once per day you can reroll an attack or ability check take the higher of the two results.","While attuned to this item, roll an additional d4 whenever you roll for initiative. On a result of 4 you feel a surge of power sweep over you. During this encounter, you sprout a set of powerful wings. You have a flight speed of 50 ft. and gain the Flyby Attack feature.","While attuned to this item, whenever you roll for initiative roll a d4. On a result of 4, you may summon a Air Elemental in a free spot within 60 feet. On your turn you can use your bonus action to control this elemental. It disappears when combat ends."
"While attuned to this item, whenever you make a Nature check, roll an additional d4 and add that value to your result.","While attuned to this item, you enter a state of pure calm while asleep. You only need to rest for 2 hours a day to become completely refreshed.","While attuned to this item, roll an additional d4 whenever you roll for initiative. On a result of 4 you feel a surge of power sweep over you. During this encounter, whenever you hit an enemy with an attack, they always become critically maimed. (Loss of limb, eye, broken bones, etc...)","While attuned to this item, whenever you roll for initiative roll a d4. On a result of 4, you may summon a Water Elemental in a free spot within 60 feet. On your turn you can use your bonus action to control this elemental. It disappears when combat ends."
"While attuned to this item, whenever you make a Perception check, roll an additional d4 and add that value to your result.","While attuned to this item, whenever you are hit by a critical hit of any kind, you gain resistance to that damage type until you are hit by another critical strike","While attuned to this item, roll an additional d4 whenever you roll for initiative. On a result of 4 you feel a surge of power sweep over you. During this encounter, at the beginning of each of your turns you regain 10 hit points.","While attuned to this item, whenever you roll for initiative roll a d4. On a result of 4, you may summon a Earth Elemental in a free spot within 60 feet. On your turn you can use your bonus action to control this elemental. It disappears when combat ends."
"While attuned to this item, whenever you make a Performance check, roll an additional d4 and add that value to your result.","While attuned to this item, you gain +1 to all saving throws","While attuned to this item, whenever you roll for initiative roll a d4. On a result of 4, you feel a stroke of luck sweep over you. You have advantage on all attacks and saving throws during this encounter.","This item has 5 charges. Whenever you hit an enemy with a damaging attack, you may expend one of those charges to force the target to make a Charisma save with DC 17. On a failed save, that target is teleported to a point you can see within 100 ft and takes 5d8 Psychic damage. On a success, the target takes half that much damage and remains in place. This item regains all of ites charges at dawn."
"While attuned to this item, whenever you make a Persuasion check, roll an additional d4 and add that value to your result.","While attune dto this item, you gain +2 to all saving throws in which you are not proficient","This item comes with two slots that each store a marble, one blue and one orange. These can be thrown at any non-magical surface where they will stick. Once both have been placed, a transdimensional space opens between the two allowing for quick passage as long as they are within 120 ft. of each other. Speaking the word ""Return"" will close the portals and force both marbles to return to the item.","While attuned to this item you can move through stone as you could water. As a bonus action, you may give this ability to a willing creature you are touching at any time. You may also give this ability to a creature by force if thye fail a DC 14 Wisdom saving throw. You may end this effect on a creature at any time. "
"While attuned to this item, whenever you make a Religion check, roll an additional d4 and add that value to your result.","Whille attuned to this item, you gain proficiency in Acrobatics. If you are already proficient in this skill, you gain expertise in it instead.","While attuned to this item, you can launch a tether of magical string from your wrist up to 50 ft. The end of this tether will stick to nearly and surface and can be used to retrieve objects from a distance, to climb, or to swing from. ","This item has 7 charges. Whenever you hit an enemy with a melee or spell attack, you may use your bonus action and expend one of these charges to attempt to envelop the target in ice. The target must succeed on a DC 10 Constitution saving throw or be frozen for 1 minute. While frozen the enemy is considered paralyzed. Attempting to freeze the same target multiple times increases the saving throw by 4 each time. Any damage dealt will cause the ice to shatter and free the target. These charges are restored at dawn."
"While attuned to this item, whenever you make a Sleight of Hand check, roll an additional d4 and add that value to your result.","Whille attuned to this item, you gain proficiency in Animal Handling. If you are already proficient in this skill, you gain expertise in it instead.","While attuned to this item, you have the ability to charge mundane objects with explosive capabilities. You may use your bonus action to infuse an object with this energy. For the next minute, you may throw this item and it will detonate upon impact. This deals 2d6 + (half your level) fire damage to any creature hit. Throwing any object larger than a 4 inches in diameter will cause an explosion of 4d6 + (your level) fire damage to enemies in a 10 foot dameter area, but you will have disadvantage to successfully throw the object at the target.","This item has 3 charges. Whenever you slay an enemy, you may expend one of these charges to bring them back as a zombie to fight on your behalf for one minute. The zombie is arisen with half of its normal max hit points. After one minute or whenever the creature is reduced to zero hit points, it crumbles to dust. These charges are restored at dawn."
"While attuned to this item, whenever you make a Stealth check, roll an additional d4 and add that value to your result.","Whille attuned to this item, you gain proficiency in Athletics. If you are already proficient in this skill, you gain expertise in it instead.","While attuned to this item, you may speak the command word ""Scatter"" and cause your weapon to explode into a thousand shining petals of metal. You may mentally control these petals to attack enemies up to 50 ft. away. While your weapon is in this state, you may use your action perform a Petal Storm attack to hit all enemies in a 10 ft. diameter area. They must make a Dexterity saving throw or take 4d6 + (half your level) damage.","This item has 5 charges. You may use your action to summon a trap into existance at a location you can see within 120 ft. You may create a 10 ft. by 10 ft. spike trap in the ground. Any enemies in this area must make a DC 15 Dexterity saving throw or fall ten feet, taking 3d10 piercing damage. You may summon a 10 ft. x 10 ft. Poison Dart Wall. Any enemy within 30 ft. of this wall must make a DC 15 Dexterity saving throw or take 2d6 piercing damage and 2d10 poison damage as darts impale them. You may summon a 10 ft. x 10 ft. wide boulder. Enemies caught in the line of the boulder must make a DC 15 Dexterity saving throw or take 3d10 bludgeoning damage and be knocked prone."
"While attuned to this item, whenever you make a Survival check, roll an additional d4 and add that value to your result.","Whille attuned to this item, you gain proficiency in Deception. If you are already proficient in this skill, you gain expertise in it instead.","Choose a skill. While attuned to this item, all checks you make using that skill are made with advantage","Once per day you may spend 10 minutes to summon up to a dozen Large sized flying creatures. These can be Griffons, Wyverns, Eagles, or any other creautre of this sort. These creatures follow your orders for travel but will not aid in combat. After ten hours, or when dismissed, the creatures will slowly fade away. "
"Whille attuned to this item, you gain proficiency in Stealth. If you are already proficient in this skill, you gain expertise in it instead.","Whille attuned to this item, you gain proficiency in History. If you are already proficient in this skill, you gain expertise in it instead.","While attuned to this item you may cask Hulking Hand at will. This spell functions as Mage Hand but has its range increased to 60 ft., can lift items up to 60 pounds, and can be used to strike an enemy for 2d4 Force damage. This ethereal hand glows a faint green. Once per day you can unleash a wave of rage and increase the Hand's potency. For the next minute it can lift objects up to 500 pounds and can strike enemies for 8d4 Force damage.","While attuned to this item, increase two random attributes by 2. These values can exceed 20."
"Whille attuned to this item, you gain proficiency in Survival. If you are already proficient in this skill, you gain expertise in it instead.","Whille attuned to this item, you gain proficiency in Insight. If you are already proficient in this skill, you gain expertise in it instead.","While attuned to this item, whenever you hit an enemy with an attack, you may use your inspiration to turn that attack into a critical hit that deals triple damage.","While attuned to this item, you have advantage on all saving throws against spells and magical effects. "
"While attuned to this item, you can't be charmed. Small ethereal hearts float above your head.","Whille attuned to this item, you gain proficiency in Intimidation. If you are already proficient in this skill, you gain expertise in it instead.","While attuned to this item, rather than rolling hit dice to regain health, regain health equal to the max value on that dice plus your Con mod. Additionally, health potions always heal you for max value.","While attuned to this item, you gain resistance to all elemental damage. If you already have resistance to an element, you become immune instead."
"While attuned to this item, you can't be frightened. Small ethereal skulls float above your head.","Whille attuned to this item, you gain proficiency in Investigation. If you are already proficient in this skill, you gain expertise in it instead.","While attuned to this item, your weapons gains a thrown property with range 20/60 and will return to you are the end of the turn. You may deliver touch attacks through your thrown weapon. Whenever you land an attack while throwing your weapon, it deals an extra 1d6 damage.","While attuned to this item, roll an additional d4 whenever you roll for initiative. On a result of 4 you feel a stroke of luck sweep over you. During this encounter, your damage dice with melee and ranged weapon attacks are maximized this combat. You roll an additional 50% damage dice for all of your spells. "
"While attuned to this item, you can't be poisoned. Small vials of poison float over your head.","Whille attuned to this item, you gain proficiency in Medicine. If you are already proficient in this skill, you gain expertise in it instead.","While attuned to this item, you may use your reaction to cause it flash brightly when you are hit with a melee attack. All creatures within 5 ft. of you must make a DC 10 Constitution saving throw or become blinded until the start of their next turn. ","While attuned to this item, roll an additional d4 whenever you roll for initiative. On a result of 4 you feel a stroke of luck sweep over you. During this encounter, your critical hit threshold become 15-20."
"While attuned to this item, you have resistance to thunder damage. A tiny air elemental follows you around.","Whille attuned to this item, you gain proficiency in Nature. If you are already proficient in this skill, you gain expertise in it instead.","While attuned to this item, you gain a fly speed of 20 ft.","While attuned to this item, roll an additional d4 whenever you roll for initiative. On a result of 4 you feel a stroke of luck sweep over you. During this encounter, you have resistance to all damage and may use up to two bonus actions and reactions on each of your turns. "
"While attuned to this item, you have resistance to lightning damage. A small storm cloud follows you around constantly, occasionally casting small bolts of lightning.","Whille attuned to this item, you gain proficiency in Perception. If you are already proficient in this skill, you gain expertise in it instead.","While attuned to this item, you can store up to 5 total spell slots worth of spells in it. This can be a single 5th level spell, five 1st level spells, or any other combination. Anyone can cast the spells into this item and it uses the caster's DC and bonus to hit when unleashed.","While attuned to this item, whenever you roll for initiative roll a d4. On a result of 4, you feel a stroke of luck sweep over you. You have advantage on all attacks and saving throws during this encounter."
"While attuned to this item, you have resistance to fire damage. A tiny fire elemental follows yo around.","Whille attuned to this item, you gain proficiency in Performance. If you are already proficient in this skill, you gain expertise in it instead.","While attuned to this item, you become soulbound to the next party member you touch. As long as you two are within 30 feet of one another, you each get +1 to hit, damage, and AC. You can spend an hour to sever this bond, at which time the next person you touch will become your new soulbonded target","While attuned to this item, whenever you roll for initiative roll a d4. On a result of 4, the legendary power of this item fills you with unnatural strength. During this encounter, you may use your bonus action to heal yourself or any ally up to 60 ft away for an amount equal to your level. "
"While attuned to this item, you have resistance to cold damage. A tiny ice elemental follows you around.","Whille attuned to this item, you gain proficiency in Persuasion. If you are already proficient in this skill, you gain expertise in it instead.","While attuned to this item, whenever you kill an enemy, a blast of energy released from their body. All enemies within 10 feet must make a DC 13 Constitution save or be stunned until the end of your next turn.","While attuned to this item, whenever you roll for initiative roll a d4. On a result of 4, the legendary power of this item fills you with unnatural strength. During this encounter, you may use your bonus action to throw your weapon at an enemy within 60 ft. Make an attack roll using your primary stat. On a hit, you deal 4d10 damage to that enemy of the appropriate damage type and your weapon instantly returns to your hand."
"While attuned to this item, you have resistance to poison damage. A tiny poison cloud hovers over your head.","Whille attuned to this item, you gain proficiency in Religion. If you are already proficient in this skill, you gain expertise in it instead.","While attuned to this item, you are not affected by difficult terrain. Additionally, whenver you make a Dexterity check to reduce the damage of a spell or ability, if you pass you instead take no damage and if you fail you take half damage. ","While attuned to this item, whenever you roll for initiative roll a d4. On a result of 4, the legendary power of this item fills you with unnatural strength. During this encounter, you may use your bonus action to inspire yourself or an ally within 60 ft. with power. That creature has advantage on any actions they take on their next turn."
"While attuned to this item, you have resistance to acid damage. A small ooze creature follows you around.","Whille attuned to this item, you gain proficiency in Sleight of Hand. If you are already proficient in this skill, you gain expertise in it instead.","While attuned to this item, your hit point maximum increases by an amount equal to your Constitution score and your maximum health can not be reduced by any effect.","While attuned to this item, whenever you roll for initiative roll a d4. On a result of 4, the legendary power of this item fills you with unnatural strength. During this encounter, you may use your bonus action to curse an enemy within 60 ft. using the power of this item. That target has disadvantage on any actions they take on their next turn."
"While attuned to this item, you have resistance to force damage. A small mana wyrm follows you around.","Whille attuned to this item, you gain proficiency in Stealth. If you are already proficient in this skill, you gain expertise in it instead.","While attuned to this item, whenever you miss with an attack roll or spell, you get advantage on your next attack or saving throw.","While attuned to this item, whenever you roll for initiative roll a d4. On a result of 4, you become an avatar of this item's power. It melds with your body and you gain physical characteristics that match its type. During this encounter, your highest stat is increased to 30. "
"While attuned to this item, you have resistance to psychic damage. A flumph follows you around.","Whille attuned to this item, you gain proficiency in Survival. If you are already proficient in this skill, you gain expertise in it instead.","While attuned to this item, you can choose to infuse your an attack or spell with additional power by draining your own resources. You may expend any number of Hit Dice and add those dice as damage of the same type to this attack and heal for that same amount.","While attuned to this item, whenever you roll for initiative roll a d4. On a result of 4, you become an avatar of this item's power. It melds with your body and you gain physical characteristics that match its type. During this encounter, all of your attributes become 20 unless they are already higher."
"While attuned to this item, you have resistance to radiant damage. A tiny angelic creature follows you around.","While attuned to this item, you cannot be deafened","While attuned to this item, the first time you critically hit while attuned to this item it explodes into a shower of gems. Ten marble sized diamonds clatter to the ground in front of you. The total value of these is equal to 150% of the item's value.","While attuned to this item, whenever you roll for initiative roll a d4. On a result of 4, you become an avatar of this item's power. It melds with your body and you gain physical characteristics that match its type. During this encounter, you gain a flight speed of 60 ft, you gain the FlyBy feat, and all of your attacks have their damage increased by half your level."
"While attuned to this item, you have resistance to necrotic damage. A tiny skeleton follows you around.","While attuned to this item, you cannot be stunned","A 4th level fighter appears in a space within 30 feet of you. He is the same race as you and serves you loyally until death or until you become unattuned to the item, at which point he fades away. You control this character.","While attuned to this item, whenever you roll for initiative roll a d4. On a result of 4, you become an avatar of this item's power. It melds with your body and you gain physical characteristics that match its type. During this encounter, your armor and flesh becomes hard as diamond. Your AC is set to 22 and you gain proficiency in all saving throws."
"While attuned to this item, you can cast Prestigidation at will","While attuned to this item, you cannot be petrified ","This item has 3 charges. When you fail a Dexterity saving throw while it is attuned to you, you may expend a charge to pass that save instead. This item regains 1d3 expended charges a day","While attuned to this item, you have a fly speed of 40 ft. and a swim speed of 40 ft."
"While attuned to this item, you can cast Mage Hand at will","While attuned to this item, you cannot be paralyzed","While attuned to this item, increase your Dexterity by 2","While attune to this item, whenever you roll for initiaive, you may gain temporary hit points equal to the difference between your maximum and current hit points or equal to your level."
"While attuned to this item, you can cast Dancing Lights at will","While attuned to this item, you can cast Charm Person once per day","While attuned to this item, increase your Constitution by 2","While attune to this item, you may use your action to launch an ethereal chain at a foe within 30 ft. You choose ""At bay"" or ""At my mercy"". If you choose At Bay, that target must pass a DC 20 Strength check to move closer to you and any movement they make is considered difficult terrain. If you choose At My Mercy, the opponent cannot move more than 30 ft. from you. Any movement they make will drag you along with them. You may dismiss the chain at any time."
"While attuned to this item, you can cast Message at will","While attuned to this item, you can cast Detect Magic once per day","While attuned to this item, increase your Strength by 2","While attune to this item, you may use your action to mark an enemy for 1 minute. While marked, you have advantage on all attacks against that target and your attacks deal an additional 3d6 damage. Attacks against any other enemies are made with disadvantage. This mark is only removed after 1 minute or when the marked target is killed. "
"While attuned to this item, a pint of beer has the same effect as a minor healing potion.","While attuned to this item, you can cast Shield once per day","While attuned to this item, increase your Charisma by 2","While attuned to this item, you may have your attacks instantly kill any enemy with hit points less than twice your level."
"While attuned to this item, add an additional 1d10 lightning damage to any critical hit. This item crackles with electricity.","While attuned to this item, you can cast Fairie Fire once per day. The DC for this spell is 13.","While attuned to this item, increase your Wisdom by 2","While attuned to this item, When enemies move within 30 ft. of you they must make a Will save or become frightened. This effect's DC is equal to 8 + Prof + Cha. A stange shadowy aura surrounds this item."
"While attuned to this item, add an additional 1d10 fire damage to any critical hit. This item occasionally sends off licks of flame.","While attuned to this item, you can cast Animal Friendship once per day","While attuned to this item, increase your Intelligence by 2","While attuned to this item, you stop aging and you no longer need food to live. You are immune to any effect that would age you and you cannot die from old age. You are also immune to petrification."
"While attuned to this item, add an additional 1d10 cold damage to any critical hit. This item appears to be frozen.","While attuned to this item, you can cast Zone of Truth once per day","While attuned to this item, your melee attacks and spells deal an additional 1d6 lightning damage. You also deal an additional 3d10 lightning damage on any critical hit. This item crackles with electricity.","While attuned to this item, you gain an additional feat of your choice."
"While attuned to this item, add an additional 1d10 poison damage to any critical hit. This item exudes toxic fumes to enemies.","While attuned to this item, you can cast Pass Without Trace once per day","While attuned to this item, your melee attacks and spells deal an additional 1d6 fire damage. You also deal an additional 3d10 fire damage on any critical hit. This item occasionally sends off licks of flame.","While attuned to this item, your maximum health becomes equal to what it would be if you rolled the maximum value for each health roll"
"While attuned to this item, add an additional 1d10 acid damage to any critical hit. This item drips acid.","While attuned to this item, you can cast See Invisibility once per day","While attuned to this item, your melee attacks and spells deal an additional 1d6 cold damage. You also deal an additional 3d10 cold damage on any critical hit. This item appears to be frozen.","While attuned to this item, your natural 1s are considered to be natural 20s"
"While attuned to this item, add an additional 1d10 force damage to any critical hit. Small ethereal lights twirl around this item.","While attuned to this item, you can cast Gust of Wind once per day","While attuned to this item, your melee attacks and spells deal an additional 1d6 poison damage. You also deal an additional 3d10 poison damage on any critical hit.. This item exudes toxic fumes to enemies.","When you become attuned to this item roll two d20s (Reroll on a result of 1 or 20). As long as you are attuned to this item, whenever you roll one of the displayed values it is considered a critical hit. These two numbers cannot be changed even if the item becomes attuned to someone else."
"While attuned to this item, add an additional 1d10 psychic damage to any critical hit. This item whispers thoughts to you on occasion.","While attuned to this item, you can cast Enlarge on yourself once per day","While attuned to this item, your melee attacks and spells deal an additional 1d6 acid damage. You also deal an additional 3d10 acid damage on any critical hit. This item drips acid.","While attuned to this item, every friendly character within 100 ft. of you is considered to be under the effects of a Bless spell at all times"
"While attuned to this item, add an additional 1d10 radiant damage to any critical hit. You grow a set of ethereal wings.","While attuned to this item, you can cast Tongues once per day","While attuned to this item, your melee attacks and spells deal an additional 1d6 force damage. You also deal an additional 3d10 force damage on any critical hit. Small ethereal lights twirl around this item.","While attuned to this item, you have resistance to bludgeoning, piercing, and slashing damage."
"While attuned to this item, add an additional 1d10 necrotic damage to any critical hit. This item appears to be decaying.","While attuned to this item, you can cast Daylight once per day","While attuned to this item, your melee attacks and spells deal an additional 1d6 psychic damage. You also deal an additional 3d10 psychic damage on any critical hit. This item whispers thoughts to you on occasion.","While attuned to this item, your walking speed increases by 30 ft. Additionally, you may use a bonus action to take a Dash or Disengage. Once you do so, you can't use this ability again until you finish a short or long rest."
"While attuned to this item, add an additional 1d10 thunder damage to any critical hit. This item generates extra noise when hitting or when hit.","While attuned to this item, you can cast Dispel Magic once per day","While attuned to this item, your melee attacks and spells deal an additional 1d6 radiant damage. You also deal an additional 3d10 radiant damage on any critical hit. You grow a set of ethereal wings.","While attuned to this item, one piece of platinum explodes out of this item for every point of damage you deal to enemies of at least CR 1."
"While attuned to this item, you feel at home in the forest. Your proficiency bonus increases by 1 while in this area. This item is decorated with trees.","While attuned to this item, you can cast Fireball at third level once per day. The DC for this spell is 13.","While attuned to this item, your melee attacks and spells deal an additional 1d6 necrotic damage. You also deal an additional 3d10 necrotic damage on any critical hit. This item appears to be decaying","While attuned to this item, whenever you move your full move-speed on a turn, this item unleashes a burst of energy. You may make a ranged attack against an enemy within 50 ft as a bonus action. On a hit, a blast of power bursts forth dealing 4d6 lightning damage."
"While attuned to this item, you feel at home in the desert. Your proficiency bonus increases by 1 while in this area. This item is decorated with cacti and tumbleweeds.","While attuned to this item, you can cast Lightning Bolt at third level once per day. The DC for this spell is 13.","While attuned to this item, your melee attacks and spells deal an additional 1d6 thunder damage. You also deal an additional 3d10 thunder damage on any critical hit. This item generates extra noise when hitting or when hit.","While attuned to this item, if you start your turn with at least 1 hit point, you regain 1d10 hit points."
"While attuned to this item, you feel at home in the mountains. Your proficiency bonus increases by 1 while in this area. This item is decorated with mountains.","While attuned to this item, your deal 1 additional lightning damage on all attacks. Add an additional 2d10 lightning damage to any critical hit. This item crackles with electricity.",This item has 7 charges. You may use 1 charge to cast Burning Hands (DC 15) at first level. You may use 3 charges to cast Fireball at third level (DC 15). This item regains 1d6+1 charges each dawn. ,"While attuned to this item, you have advantage on saving throws against spells that target you specifically. Additionally, if you roll a natural 20 for the save and the spell is of 7th level or lower, that spell is reflected back to the caster."
"While attuned to this item, you feel at home when on the coast line. Your proficiency bonus increases by 1 while in this area. This item is decorated with crashing waves.","While attuned to this item, your deal 1 additional fire damage on all attacks. Add an additional 2d10 fire damage to any critical hit. This item occasionally sends off licks of flame.",This item has 7 charges. You may use 1 charge to cast Thunderwave (DC 15) at first level. You may use 3 charges to cast Lightning Bolt (DC 15) at third level. This item regains 1d6+1 charges each dawn. ,"While attuned to this item, if it is a weapon, you may make one additional attack or cast an extra cantrip spell during each round of combat as a bonus action. If it is not a weapon, you may use your bonus action to disengage, dash, or dodge."
"While attuned to this item, you feel at home in the plains. Your proficiency bonus increases by 1 while in this area. This item is decorated with small rolling hills and plantlife.","While attuned to this item, your deal 1 additional cold damage on all attacks. Add an additional 2d10 cold damage to any critical hit. This item appears to be frozen.",This item has 7 charges. You may use 1 charges to cast Color Spray at first level. You may expend additional charges to increase the power of this spell. You may use 2 charges to cast Mirror Image. You may use 3 charges to cast Slow at third level (DC 15). This item regains 1d6+1 charges each dawn. ,"This item has 9 charges. You may expend 1 charge to cast Hold Person (DC 17), 2 charges to cast Hold Monster (DC 17), 2 charges to cast the Polymorph spell (save DC 17), 4 charges to cast Dominate Person (save DC 17), and 4 to cast Geas (save DC 17). This item regains 2d4 + 1 charges each dawn. "
"While attuned to this item, whenever an enemy hits you with a critical hit roll a d20. On a result of 11-20, the critical hit is negated and only normal damage is dealt. This item is decorated with shields.","While attuned to this item, your deal 1 additional  poison damage on all attacks. Add an additional 2d10 poison damage to any critical hit. This item exudes toxic fumes to enemies.",This item has 7 charges. You may use 1 charge to cast Fairie Fire (DC 15). You may use 4 charges to cast Confusion at fourth level (DC 15). This item regains 1d6+1 charges each dawn. ,This item has 2 charges. You may use one charge to cast Time Stop. This item regains 1 charge each dawn.
"While attuned to this item, whenever you drink a full potion roll a d20. On a result of 16-20, you manage to save enough for a second use.","While attuned to this item, your deal 1 additional  acid damage on all attacks. Add an additional 2d10 acid damage to any critical hit. This item drips acid.",This item has 7 charges. You may use 1 charge to cast Bane at first level (DC 15). You may use 1 charge to cast Bless at first level (DC15). You may expend 4 charges to cast both Bless and Bane as a single action (DC 15) This item regains 1d6+1 charges each dawn. ,"This item has 4 charges. You may expend 1 charge to cast conjure elemental from it, declaring the type of elemental at the time of casting. You may only control a single elemental at a time and may only summon each type of elemental once per day. This item regains 4 charges each dawn."
"While attuned to this item, whenever you take a short rest, roll a d20. On a result of 16-20, your next attack is a guaranteed critical hit","While attuned to this item, your deal 1 additional  force damage on all attacks. Add an additional 2d10 force damage to any critical hit. Small ethereal lights twirl around this item.",This item has 9 charges. You may use 1 charge to cast Cure Wounds. You can increase the spell slot level by 1 for each additional charge you use. You may use 1 charges to cast Healing Word. You can increase the spell slot level by 1 for each additional charge you use. This item regains 2d4+1 charges each dawn.,"While attuned to this item, whenever you take the dodge action, you get a single counterattack against every enemy that attempts to strike you. Whenever you take the dash action, you may also make a single attack or cast a spell of third level or lower."
"While attuned to this item, whenever you kill an enemy, roll a d20. On a result of 19-20, you gain a surge of energy and may immediately take another full turn.","While attuned to this item, your deal 1 additional  psychic damage on all attacks. Add an additional 2d10 psychic damage to any critical hit. This item whispers thoughts to you on occasion.",This item has 9 charges. You may use 2 charges to cast Invisibility. You may use 5 charges to cast Greater Invisibility. This item regains 2d4+1 charges each dawn. ,"While attuned to this item, you overcome all enemy damage resistances. Enemies with immunities have resistance instead."
"While attuned to this item, one piece of silver explodes out of this item for every point of damage you deal","While attuned to this item, your deal 1 additional  radiant damage on all attacks. Add an additional 2d10 radiant damage to any critical hit. You grow a set of ethereal wings.",This item has 9 charges. You may use 1 charges to cast Shield. You may use 2 charges to cast Blur. You may use 3 charges to cast Haste. This item regains 2d4+1 charges each dawn. ,"While attuned to this item, you cannot be blinded, deafened, petrified, or stunned."
"While attuned to this item, this item plays battle music for you in combat that can be heard in a 30 ft. area. ","While attuned to this item, your deal 1 additional  necrotic damage on all attacks. Add an additional 2d10 necrotic damage to any critical hit. This item appears to be decaying.",This item has 9 charges. You may use 1 charges to cast Jump. You may use 2 charges to cast Misty Step. You may use 4 charges to cast Dimension Door. This item regains 2d4+1 charges each dawn. ,"While attuned to this item, whenever you score a critical hit you deal an additional 21 damage. Additionally, whenever you land a critical hit, roll an additional dice. If the result of the second die is an 17 or higher, you destroy a piece of the target's body (to be randomly determined at the time of the attack)"
"While attuned to this item, you may use your inspiration to make your next attack into a critical hit. You may use this ability after your attack has confirmed to hit, but before damage is rolled","While attuned to this item, your deal 1 additional thunder damage on all attacks. Add an additional 2d10 thunder damage to any critical hit. This item generates extra noise when hitting or when hit.",This item has 9 charges. You may use 1 charge to cast Frost Blast (Burning Hands but cold. DC 15). You may use 3 charges to cast Sleet Storm (DC 15). You may use 5 charges to cast Cone of Cold at 5th level. You can increase the spell slot level by 1 for each additional charge you use. This item regains 2d4+1 charges each dawn.,"You open the forge and find one half of an amulet. It is filled with terrifying power, but it is currently unfinished. You can wear the unfinished half to gain +1 to AC and all saving throws (No attunement required). If this result is rolled a second time, the other half of the amulet is found and the halves can be reunited to form an artifact of incredible power. When worn, you have immunity to poison damage and the poison status. You gain +2 to your AC, saving throws, attack rolls, and spell DCs. You may also call upon the power of the amulet to unleash the power of the ancient snake god to gain the following: ""For 1 minute, all of your abilities deal an additional 4d6 poison damage and you have resistance to all damage types. Whenever you hit with an attack, the target must make a DC 17 Constritution saving throw or become stunned until the end of their next turn. You may also move horizontally or vertically along any surface during this time."" You may use this ability once per dawn."
This item is covered in vines. Every morning it grows a batch of 10 Goodberries that can be consumed.,"While attuned to this item, whenever you drink a full potion roll a d20. On a result of 11-20, you manage to save enough for a second use.","A full set of Elemental Gems is in the box with your item. They are worth 500g each., but this item's value is decreased by half of that amount.","While attuned to this item, whenever you roll for initiative roll a d4. On a result of 4, a young Gold Dragon appears to help you in combat."
"While attuned to this item, you may store up to two charges of inspiration","While attuned to this item, whenever you drink a full potion roll a d20. On a result of 11-20, you gain a charge of inspiration.","A pair of Dimension Shackles are in the box with your item. They are worth 2000g, but this item's value is decreased by half of that amount.","While attuned to this item, whenever you roll for initiative roll a d4. On a result of 4, a young Brass Dragon appears to help you in combat."
"While attuned to this item, it is invisible to all enemies, making it impossible to see what you are wielding or wearing","While attuned to this item, whenever you take a short rest, roll a d20. On a result of 11-20, your next attack is a guaranteed critical hit","A 1-inch metal cube is in the box with a message that reads ""Back up and say 'Preotect me, my fortress'. This is a Daern's Instant Fortress. It is worth 2000g, but this item's value is decreased by half of that amount.","While attuned to this item, whenever you roll for initiative roll a d4. On a result of 4, a young Copper Dragon appears to help you in combat."
"While attuned to this item, rain cannot fall upon you. It diverts around the edges of an ethereal bubble of energy instead","While attuned to this item, whenever you kill an enemy, roll a d20. On a result of 17-20, you gain a surge of energy and may immediately take another full turn.","A random rare Figurine of Wondrous Power is in the box with your item. This figurine is worth 2000g, but this item's value is decreased by half of that amount. ","While attuned to this item, whenever you roll for initiative roll a d4. On a result of 4, a young Silver Dragon appears to help you in combat."
"While attuned to this item, once per day you may speak to a small critter for 10 minutes","While attuned to this item, whenever you score a critical hit roll an additional d20. If the result of the second die is an 17 or higher, the enemy instantly dies if its current health is less than 100","A Bag of Beans appears in the box with your item. They are worth 2000g, but this item's value is decreased by half of that amount.","While attuned to this item, whenever you roll for initiative roll a d4. On a result of 4, a young Bronze Dragon appears to help you in combat."
"While attuned to this item, you cannot be surprised for any reason","While attuned to this item, whenever you roll above a 16 or higher for your initiative roll, you may select any ally and raise their initiative result by 5. ","While attuned to this item, you can get two uses from any potion","While attuned to this item, treausure erupts from enemies you kill with a CR of 1 or greater. Dealing the killing blow to an opponent causes 4d4 gems to burst forth, each worth 25g. Whenever you kill an enemy with a critical hit, roll 16d4 instead."
"While attuned to this item, add +2 to your initiative rolls","While attuned to this item, treasure erupts from enemies you kill with a CR of 1 or greater. Dealing the killing blow to an opponent causes 1d4 gems to burst forth, each worth 25g. Whenever you kill an enemy with a critical hit, roll 4d4 instead.","While attuned to this item, all allies within 50 ft. of you get an additional +3 to their Initiative results at the start of combat.","When you become attuned to this item you hear a voice in your head ask: ""Choose your enemy."" Whenever you fight any enemy that shares a type with the chosen enemy, your attacks deal 3d6 extra damage. Additionally, this item glows whenever any creature of that type is near and you have resistance to all attacks made by creatures of that type."
"While attuned to this item, enemies roll their attacks of opportunity against you with disadvantage","While attuned to this item, increase your movement speed by 5 ft.","While attuned to this item, treausure erupts from enemies you kill with a CR of 1 or greater. Dealing the killing blow to an opponent causes 2d4 gems to burst forth, each worth 25g. Whenever you kill an enemy with a critical hit, roll 8d4 instead.","When you open the forge you find four pots of Nolzur's Marvelous Pigments next to your item. Each pot is worth 2,500 gold to the forge but their value decreases as they are used, but this item's value is decreased by half of that amount."
"While attuned to this item, healing potions restore an additional 50% health","While attuned to this item, you gain resistance to a random element","While attuned to this item, whenever you kill an enemy, roll a d20. On a result of 12-20, you gain a surge of energy and may immediately take another full turn.","When you open the forge, you find an Iron Flask sitting next to your item. It contains a random creature according to the table in the DMG. It is worth 10,000 to the forge, but this item's value is decreased by half of that amount."
"While attuned to this item, your minimum health regained from a hit die during a short rest is equal to 4 + your Con Modifier","While attuned to this item, when you deal a killing blow against an enemy, heal for d8 + your Proficiency Bonus","While attuned to this item, whenever you are in the sunlight, your proficiency bonus is increased by 1. You may also cast Daylight once per day which also activates this effect.","When you open the forge, you find a random Legendary quality Iuon Stone. It is worth 10,000 gold to the forge, but this item's value is decreased by half of that amount."
"While attuned to this item, ethereal butterflies flutter around your head. All healing spells that cast on you heal for an additional amount equal to your proficiency bonus","While attuned to this item, when an enemy misses you while you are dodging, you may use your reaction to make an attack against them with advantage","While attuned to this item, after 6 consecutive non-critical hits, your seventh attack is guaranteed to be a critical hit.","When you open the forge, you find a Deck of Many things sitting next to your item. It is worth 10,000 gold to the forge if unused but its value decreases for each card drawn, but this item's value is decreased by half of that amount."
"While attuned to this item, you have darkvision up to 30 ft. and your eyes glow brightly at night","While attuned to this item, you can store up to 3 charges of inspiration","While attuned to this item, after missing two attacks in a row, your third attack hits automatically.","When you open the forge you find a mythic Book of Skill along with your item. If you spend 48 hours over a period of 6 days or fewer studying the book's contents and practicing its guidelines, your highest attribute score is increased by 2 as well as that attribute's maximum. Once finished, the book turns to dust.This item is worth 10,000 gold to the forge, but this item's value is decreased by half of that amount."
"While attuned to this item, plants spring to life around you. You get a +5 to Survival checks when looking for food","While attuned to this item, you can store up to 2 charges of inspiration. Whenever you gain inspiration you gain two charges instead of 1.","While attuned to this item, you inspire nearby allies in combat. All friendly creatures within 100 ft have their movement speed increased by 10 feet.",You find two potions in the forge next to your item. Upon closer inspection these are revealed to be Potions of Supreme Healing. The contents of these potions are restored every dawn as long as the item it was found with remains attuned to someone.
"While attuned to this item, you can detect any sources of water within 1000 ft.","While attuned to this item, add +3 to initiative rolls","While attuned to this item, you inspire nearby allies in combat. Whenever you kill an enemy, all allies within 50 feet gain temporary hit points equal to your Charisma modifer plus your proficiency bonus.",You find a small vial in the forge next to your item. Upon closer inspection it is revealed to be a Potion of Giant's Strength. The contents of this vial are restored every dawn as long as the item it was found with remains attuned to someone. The type of giant is randomly selected again each morning.
"While attuned to this item, you can walk on water for up to 5 minutes a day","While attuned to this item, healing potions restore an additional 50% health","While attuned to this item, one piece of gold explodes out of this item for every point of damage you deal",You find a small vial in the forge next to your item. Upon inspection it is revealed to be Oil of Sharpness. The contents of this vial are restored every dawn as long as the item it was found with remains attuned to the person who forged it.
"While attuned to this item, you can breath underwater for up to 5 minutes a day","While attuned to this item, you have advantage on initiative rolls","While attuned to this item, your critical strike range increases by 1","This item loses all negative detriments above the lesser tier. If this item has no detriments, roll on this table again."
"While attuned to this item, you have tremorsense up to 20 ft.",This item transmutes at 50% additional value,This item transmutes at 100% additional value,"While attuned to this item, you gain proficiency in three skills of your choice. This choice of skills cannot be altered even if you become unbound to this weapon."
"While attuned to this item, you find a bag containing 2d6 + 2 chocolates under your pillow every morning when you wake up. They restore 1 hp wen eaten.","When you open the forge, you find a treasure map leading you to a powerful magical item.",This item does not count towards your maximim attunement count for magic items.,Your proficiency bonus is increased by 1.
"While attuned to this item, you take only half damage from any fall","Reroll on this table twice, ignoring this result.","Reroll on this table twice, ignoring this result.","While attuned to this item, whenever you roll with advantage, roll three dice instead of two."
,,,
,,,
,,,
,,,
,,,
,,,
,,,
,,,
,,,
,,,
,,,
,,,
,,,
,,,
,,,
,,,
,,,
,,,
